{
  "lambda_sweep": {
    "0.1": {
      "auc": 0.916921348071289,
      "rmse": 0.3166636238256766,
      "cal_mse": 0.016052632447522888,
      "ece": 0.012481886977202787
    },
    "0.3": {
      "auc": 0.9174008464999566,
      "rmse": 0.31603824868214947,
      "cal_mse": 0.0031696128323096527,
      "ece": 0.008237469330822365
    },
    "0.5": {
      "auc": 0.9164625823507808,
      "rmse": 0.31651442707765853,
      "cal_mse": 0.0018078067283894515,
      "ece": 0.0066638520794707655
    }
  },
  "noconf": {
    "auc": 0.9174663527610538,
    "rmse": 0.31597861258610854,
    "cal_mse": 0.017304956172607418,
    "ece": 0.007153700583232503
  },
  "full": null
}